1980,BOS,LarryBird,NateArchibald,CedricMaxwell,ChrisFord,RobertParish,KevinMchale,RickRobey,JeromeHenderson
1980,CHI,ArtisGilmore,ReggieTheus,DwightJones,DavidGreenwood,RickySobers,BobWilkerson,LarryKenon,CobyDietrick
1980,HOU,MosesMalone,RobertReid,BillyPaultz,TomHenderson,CalvinMurphy,MikeDunleavy,BillWilloughby,AllenLeavell
1980,IND,JohnnyDavis,BillyKnight,JamesEdwards,LouisOrr,ClemonJohnson,MikeBantom,GeorgeMcginnis,DonBuse
1980,KCK,ScottWedman,ErnieGrunfeld,ReggieKing,SamLacey,LeonDouglas,OtisBirdsong,JoeMeriweather,JohnLambert
1980,LAL,KareemAbdul-jabbar,NormNixon,MagicJohnson,JamaalWilkes,MichaelCooper,JimChones,MarkLandsberger,JimBrewer
1980,MIL,SidneyMoncrief,MarquesJohnson,BobLanier,JuniorBridgeman,QuinnBuckner,BrianWinters,MickeyJohnson,HarveyCatchings
1980,NYK,CampyRussell,MichealrayRichardson,RayWilliams,MarvinWebster,SlyWilliams,BillCartwright,LarryDemic,MikeGlenn
1980,PHI,JuliusErving,CaldwellJones,MauriceCheeks,LionelHollins,BobbyJones,DarrylDawkins,AndrewToney,SteveMix
1980,PHO,DennisJohnson,AlvanAdams,JeffCook,WalterDavis,AlvinScott,JohnnyHigh,RichKelley,KyleMacy
1980,POR,MychalThompson,KelvinRansey,KermitWashington,BillyrayBates,CalvinNatt,BobGross,MikeGale,KevinKunnert
1980,SAS,GeorgeGervin,MarkOlberding,ReggieJohnson,PaulGriffin,GeorgeJohnson,DaveCorzine,JamesSilas,JohnnyMoore
1981,ATL,DanRoundfield,RorySparrow,EddieJohnson,JohnDrew,TomMcmillen,MikeGlenn,RudyMacklin,WesMatthews
1981,BOS,LarryBird,RobertParish,CedricMaxwell,KevinMchale,JeromeHenderson,NateArchibald,ChrisFord,DannyAinge
1981,DEN,AlexEnglish,ErnieVandeweghe,DanIssel,BillyMckinney,T.r.Dunn,DavidThompson,KennyHiggs,GlenGondrezick
1981,HOU,MosesMalone,ElvinHayes,RobertReid,AllenLeavell,TomHenderson,MikeDunleavy,CalvinMurphy,BillyPaultz
1981,LAL,MagicJohnson,NormNixon,JamaalWilkes,KareemAbdul-jabbar,BobMcadoo,MichaelCooper,KurtRambis,MarkLandsberger
1981,MIL,SidneyMoncrief,MarquesJohnson,BrianWinters,BobLanier,MickeyJohnson,AltonLister,RobertSmith,ScottMay
1981,NJN,DarwinCook,BuckWilliams,RayWilliams,LenElmore,AlbertKing,MikeO'koren,JamesBailey,MikeGminski
1981,PHI,JuliusErving,MauriceCheeks,AndrewToney,CaldwellJones,BobbyJones,DarrylDawkins,ClintRichardson,MikeBantom
1981,PHO,DennisJohnson,KyleMacy,AlvanAdams,RichKelley,WalterDavis,LarryNance,AlvinScott,JeffCook
1981,SAS,GeorgeGervin,MikeMitchell,MarkOlberding,JohnnyMoore,DaveCorzine,MikeBratz,ReggieJohnson,GeneBanks
1981,SEA,JackSikma,GusWilliams,LonnieShelton,BillHanzlik,JamesDonaldson,JohnJohnson,FredBrown,WallyWalker
1981,WA1,FrankJohnson,GregBallard,RickMahorn,JeffRuland,SpencerHaywood,KevinGrevey,DonCollins,JohnLucas
1982,ATL,DanRoundfield,JohnnyDavis,DominiqueWilkins,RudyMacklin,MikeGlenn,TomMcmillen,WesMatthews,RickeyBrown
1982,BOS,RobertParish,CedricMaxwell,LarryBird,DannyAinge,JeromeHenderson,KevinMchale,NateArchibald,QuinnBuckner
1982,DEN,ErnieVandeweghe,T.r.Dunn,AlexEnglish,DanIssel,MikeEvans,DannySchayes,BillHanzlik,RobWilliams
1982,LAL,MagicJohnson,JamaalWilkes,KareemAbdul-jabbar,NormNixon,MichaelCooper,KurtRambis,BobMcadoo,MarkLandsberger
1982,MIL,MarquesJohnson,SidneyMoncrief,JuniorBridgeman,BobLanier,BrianWinters,AltonLister,PaulPressey,HarveyCatchings
1982,NJN,BuckWilliams,AlbertKing,DarwinCook,DarrylDawkins,MichealrayRichardson,OtisBirdsong,FootsWalker,MikeGminski
1982,NYK,RorySparrow,BernardKing,BillCartwright,PaulWestphal,ErnieGrunfeld,MarvinWebster,LouisOrr,TrentTucker
1982,PHI,MosesMalone,JuliusErving,MauriceCheeks,AndrewToney,BobbyJones,ClintRichardson,MarcIavaroni,ClemonJohnson
1982,PHO,WalterDavis,DennisJohnson,LarryNance,AlvanAdams,KyleMacy,AlvinScott,MauriceLucas,JamesEdwards
1982,POR,MychalThompson,CalvinNatt,JimPaxson,WayneCooper,DarnellValentine,KennyCarr,LafayetteLever,LintonTownes
1982,SAS,GeorgeGervin,MikeMitchell,JohnnyMoore,ArtisGilmore,GeneBanks,EdgarJones,MikeDunleavy,BillyPaultz
1982,SEA,GusWilliams,JackSikma,DavidThompson,DannyVranes,LonnieShelton,JamesDonaldson,SteveHawes,FredBrown
1983,ATL,DominiqueWilkins,DanRoundfield,JohnnyDavis,EddieJohnson,RandyWittman,RickeyBrown,MikeGlenn,ScottHastings
1983,BOS,LarryBird,RobertParish,DennisJohnson,CedricMaxwell,KevinMchale,JeromeHenderson,QuinnBuckner,DannyAinge
1983,DAL,RolandoBlackman,JayVincent,MarkAguirre,BradDavis,PatCummings,DerekHarper,DaleEllis,KurtNimphius
1983,DEN,AlexEnglish,ErnieVandeweghe,T.r.Dunn,DanIssel,RobWilliams,BillHanzlik,DannySchayes,MikeEvans
1983,DET,KellyTripucka,IsiahThomas,BillLaimbeer,JohnLong,VinnieJohnson,KentBenson,CliffLevingston,EarlCureton
1983,KCK,EddieJohnson,LasalleThompson,MikeWoodson,ReggieTheus,LarryDrew,LarryMicheaux,MarkOlberding,DaveRobisch
1983,LAL,MagicJohnson,KareemAbdul-jabbar,MichaelCooper,JamesWorthy,BobMcadoo,KurtRambis,ByronScott,MikeMcgee
1983,MIL,SidneyMoncrief,MarquesJohnson,JuniorBridgeman,BobLanier,MikeDunleavy,AltonLister,PaulPressey,PaulMokeski
1983,NJN,BuckWilliams,MichealrayRichardson,OtisBirdsong,DarrylDawkins,AlbertKing,MikeGminski,MikeO'koren,DarwinCook
1983,NYK,BernardKing,BillCartwright,RorySparrow,RayWilliams,TrentTucker,LouisOrr,MarvinWebster,DarrellWalker
1983,PHI,MosesMalone,JuliusErving,AndrewToney,MauriceCheeks,BobbyJones,ClintRichardson,MarcIavaroni,SamuelWilliams
1983,PHO,LarryNance,WalterDavis,KyleMacy,MauriceLucas,JamesEdwards,AlvanAdams,CharliePittman,PaulWestphal
1983,POR,CalvinNatt,KennyCarr,DarnellValentine,JimPaxson,MychalThompson,WayneCooper,ClydeDrexler,LafayetteLever
1983,SEA,GusWilliams,JackSikma,TomChambers,AlWood,DannyVranes,ReggieKing,FredBrown,SteveHawes
1983,UTA,AdrianDantley,DarrellGriffith,RickeyGreen,ThurlBailey,MarkEaton,JeffWilkins,RichKelley,JohnDrew
1983,WA1,JeffRuland,GregBallard,FrankJohnson,RickMahorn,RickySobers,JeffMalone,TomMcmillen,JoeKopicki
1984,BOS,DennisJohnson,KevinMchale,LarryBird,RobertParish,DannyAinge,ScottWedman,RayWilliams,CedricMaxwell
1984,CHI,MichaelJordan,OrlandoWoolridge,DavidGreenwood,QuintinDailey,WesMatthews,JawannOldham,DaveCorzine,SidneyGreen
1984,CLE,JohnBagley,WorldFree,RoyHinson,LonnieShelton,PhilHubbard,BenPoquette,MarkWest,JohnnyDavis
1984,DAL,RolandoBlackman,SamPerkins,MarkAguirre,JayVincent,DerekHarper,BradDavis,DaleEllis,KurtNimphius
1984,DEN,AlexEnglish,CalvinNatt,T.r.Dunn,ElstonTurner,LafayetteLever,DanIssel,WayneCooper,BillHanzlik
1984,DET,IsiahThomas,BillLaimbeer,KellyTripucka,JohnLong,VinnieJohnson,DanRoundfield,TerryTyler,KentBenson
1984,HOU,RalphSampson,HakeemOlajuwon,RodneyMccray,LewisLloyd,JohnLucas,LionelHollins,RobertReid,LarryMicheaux
1984,LAL,MagicJohnson,JamesWorthy,KareemAbdul-jabbar,ByronScott,MichaelCooper,BobMcadoo,KurtRambis,MikeMcgee
1984,MIL,SidneyMoncrief,TerryCummings,PaulPressey,CraigHodges,AltonLister,RickyPierce,PaulMokeski,RandyBreuer
1984,NJN,MichealrayRichardson,BuckWilliams,AlbertKing,RonBrewer,MikeGminski,DarrylDawkins,KelvinRansey,MikeO'koren
1984,PHI,MosesMalone,MauriceCheeks,AndrewToney,JuliusErving,CharlesBarkley,BobbyJones,ClintRichardson,ClemonJohnson
1984,PHO,MikeSanders,JayHumphries,KyleMacy,MauriceLucas,CharliePittman,AlvanAdams,AlvinScott,RodFoster
1984,POR,ClydeDrexler,ErnieVandeweghe,KennyCarr,SamBowie,MychalThompson,DarnellValentine,JimPaxson,SteveColter
1984,SAS,ArtisGilmore,GeorgeGervin,MikeMitchell,JohnnyMoore,MarcIavaroni,JohnPaxson,JeffCook,OzellJones
1984,UTA,AdrianDantley,ThurlBailey,DarrellGriffith,RickeyGreen,JeffWilkins,JohnStockton,RichKelley,MarkEaton
1984,WA1,JeffRuland,GusWilliams,JeffMalone,CliffRobinson,CharlesJones,DarrenDaye,GregBallard,DudleyBradley
1985,ATL,DominiqueWilkins,RandyWittman,KevinWilliams,JonKoncak,SpudWebb,CliffLevingston,JohnnyDavis,ScottHastings
1985,BOS,LarryBird,DennisJohnson,KevinMchale,DannyAinge,RobertParish,BillWalton,JerrySichting,ScottWedman
1985,CHI,MichaelJordan,OrlandoWoolridge,DaveCorzine,CharlesOakley,KyleMacy,JohnPaxson,GeneBanks,SidneyGreen
1985,DAL,JamesDonaldson,RolandoBlackman,DerekHarper,SamPerkins,MarkAguirre,JayVincent,BradDavis,DetlefSchrempf
1985,DEN,AlexEnglish,LafayetteLever,DannySchayes,CalvinNatt,T.r.Dunn,MikeEvans,ElstonTurner,BlairRasmussen
1985,DET,KellyTripucka,BillLaimbeer,IsiahThomas,JoeDumars,EarlCureton,VinnieJohnson,RickMahorn,KentBenson
1985,HOU,RodneyMccray,RobertReid,HakeemOlajuwon,RalphSampson,LewisLloyd,MitchellWiggins,JimPetersen,AllenLeavell
1985,LAL,MagicJohnson,JamesWorthy,KareemAbdul-jabbar,ByronScott,MichaelCooper,MauriceLucas,KurtRambis,PeturGudmundsson
1985,MIL,PaulPressey,TerryCummings,CraigHodges,AltonLister,SidneyMoncrief,RickyPierce,RandyBreuer,KennyFields
1985,NJN,OtisBirdsong,BuckWilliams,MikeGminski,AlbertKing,DarwinCook,KelvinRansey,MickeyJohnson,MikeO'koren
1985,PHI,MauriceCheeks,CharlesBarkley,JuliusErving,BobbyJones,SedaleThreatt,ClemonJohnson,TerryCatledge,GregStokes
1985,POR,ErnieVandeweghe,ClydeDrexler,KennyCarr,MychalThompson,SteveColter,CaldwellJones,JimPaxson,TerryPorter
1985,SAC,MikeWoodson,ReggieTheus,LasalleThompson,EddieJohnson,MarkOlberding,LarryDrew,TerryTyler,JoeKleine
1985,SAS,WesMatthews,ArtisGilmore,MikeMitchell,DavidGreenwood,AlvinRobertson,SteveJohnson,JeffLamp,JonSundvold
1985,UTA,MarkEaton,ThurlBailey,KarlMalone,BobHansen,RickeyGreen,MarcIavaroni,JohnStockton,CareyScurry
1985,WA1,GusWilliams,JeffMalone,CliffRobinson,DanRoundfield,ManuteBol,DudleyBradley,CharlesJones,TomMcmillen
1986,ATL,DominiqueWilkins,KevinWilliams,RandyWittman,AntoineCarr,SpudWebb,CliffLevingston,MikeMcgee,JonKoncak
1986,BOS,LarryBird,DennisJohnson,KevinMchale,DannyAinge,RobertParish,JerrySichting,FredRoberts,DarrenDaye
1986,CHI,CharlesOakley,MichaelJordan,DaveCorzine,JohnPaxson,GeneBanks,SedaleThreatt,BradSellers,ElstonTurner
1986,DAL,RolandoBlackman,SamPerkins,MarkAguirre,DerekHarper,RoyTarpley,DetlefSchrempf,BradDavis,JamesDonaldson
1986,DEN,LafayetteLever,BlairRasmussen,AlexEnglish,BillHanzlik,DannySchayes,DarrellWalker,MikeEvans,MoMartin
1986,DET,IsiahThomas,BillLaimbeer,AdrianDantley,RickMahorn,JoeDumars,VinnieJohnson,JohnSalley,DennisRodman
1986,GSW,SleepyFloyd,Joe BarryCarroll,LarrySmith,ChrisMullin,PurvisShort,TerryTeagle,GregBallard,RodHiggins
1986,HOU,RodneyMccray,RobertReid,HakeemOlajuwon,AllenLeavell,RalphSampson,JimPetersen,CedricMaxwell,SteveHarris
1986,IND,ChuckPerson,SteveStipanovich,VernFleming,HerbWilliams,JohnLong,WaymanTisdale,ClintRichardson,KyleMacy
1986,LAL,JamesWorthy,MagicJohnson,ByronScott,KareemAbdul-jabbar,MichaelCooper,MychalThompson,KurtRambis,WesMatthews
1986,MIL,PaulPressey,TerryCummings,SidneyMoncrief,JackSikma,JohnLucas,RickyPierce,CraigHodges,RandyBreuer
1986,PHI,CharlesBarkley,MauriceCheeks,JuliusErving,RoyHinson,CliffRobinson,TimMccormick,AndrewToney,DavidWingate
1986,POR,ErnieVandeweghe,ClydeDrexler,TerryPorter,SteveJohnson,CaldwellJones,JimPaxson,JeromeKersey,KevinDuckworth
1986,SEA,DaleEllis,XavierMcdaniel,TomChambers,NateMcmillan,MauriceLucas,ClemonJohnson,KevinWilliams,DannyYoung
1986,UTA,KarlMalone,MarkEaton,JohnStockton,ThurlBailey,BobHansen,DarrellGriffith,RickeyGreen,KellyTripucka
1986,WA1,MosesMalone,JeffMalone,TerryCatledge,MichaelAdams,JayVincent,CharlesJones,JohnWilliams,ManuteBol
1987,ATL,DominiqueWilkins,KevinWilliams,RandyWittman,SpudWebb,AntoineCarr,JohnBattle,CliffLevingston,ScottHastings
1987,BOS,LarryBird,KevinMchale,DennisJohnson,DannyAinge,RobertParish,JimPaxson,MarkAcres,FredRoberts
1987,CHI,MichaelJordan,CharlesOakley,DaveCorzine,HoraceGrant,ScottiePippen,SamVincent,JohnPaxson,BradSellers
1987,CLE,MarkPrice,BradDaugherty,LarryNance,RonHarper,MikeSanders,JohnWilliams,CraigEhlo,ChrisDudley
1987,DAL,RolandoBlackman,DerekHarper,SamPerkins,RoyTarpley,MarkAguirre,JamesDonaldson,BradDavis,DetlefSchrempf
1987,DEN,AlexEnglish,MichaelAdams,DannySchayes,BlairRasmussen,LafayetteLever,MikeEvans,BillHanzlik,JayVincent
1987,DET,IsiahThomas,AdrianDantley,JoeDumars,BillLaimbeer,JohnSalley,VinnieJohnson,DennisRodman,RickMahorn
1987,HOU,HakeemOlajuwon,RodneyMccray,SleepyFloyd,Joe BarryCarroll,RobertReid,JimPetersen,PurvisShort,AllenLeavell
1987,LAL,MagicJohnson,ByronScott,JamesWorthy,KareemAbdul-jabbar,MychalThompson,MichaelCooper,KurtRambis,TonyCampbell
1987,MIL,TerryCummings,JackSikma,PaulPressey,SidneyMoncrief,LarryKrystkowiak,RickyPierce,JohnLucas,RandyBreuer
1987,NYK,MarkJackson,PatrickEwing,GeraldWilkins,JohnnyNewman,SidneyGreen,KennyWalker,BillCartwright,TrentTucker
1987,POR,ClydeDrexler,KevinDuckworth,TerryPorter,JeromeKersey,CaldwellJones,ErnieVandeweghe,RichardAnderson,MauriceLucas
1987,SAS,AlvinRobertson,FrankBrickowski,CadillacAnderson,WalterBerry,JonSundvold,MikeMitchell,JohnnyDawkins,EdNealy
1987,SEA,XavierMcdaniel,DaleEllis,TomChambers,NateMcmillan,DerrickMckey,DannyYoung,SedaleThreatt,AltonLister
1987,UTA,KarlMalone,JohnStockton,MarkEaton,ThurlBailey,BobHansen,MarcIavaroni,BartKofoed,RickeyGreen
1987,WA1,JeffMalone,MosesMalone,JohnWilliams,BernardKing,DarrellWalker,CharlesJones,SteveColter,TerryCatledge
1988,ATL,DominiqueWilkins,MosesMalone,JonKoncak,ReggieTheus,JohnBattle,AntoineCarr,CliffLevingston,SpudWebb
1988,BOS,ReggieLewis,BrianShaw,KevinMchale,RobertParish,JoeKleine,DennisJohnson,EdPinckney,KevinGamble
1988,CHI,MichaelJordan,HoraceGrant,ScottiePippen,BillCartwright,CraigHodges,JohnPaxson,DaveCorzine,CharlieDavis
1988,CLE,LarryNance,RonHarper,BradDaugherty,JohnWilliams,MarkPrice,CraigEhlo,MikeSanders,DarnellValentine
1988,DEN,AlexEnglish,BillHanzlik,WalterDavis,MichaelAdams,ElstonTurner,DarwinCook,LafayetteLever,WayneCooper
1988,DET,IsiahThomas,JoeDumars,BillLaimbeer,MarkAguirre,DennisRodman,JohnSalley,VinnieJohnson,RickMahorn
1988,GSW,ChrisMullin,MitchRichmond,WinstonGarland,RodHiggins,TerryTeagle,ManuteBol,LarrySmith,SteveAlford
1988,HOU,HakeemOlajuwon,SleepyFloyd,OtisThorpe,MikeWoodson,BuckJohnson,WalterBerry,TimMccormick,DerrickChievous
1988,LAL,JamesWorthy,MagicJohnson,MichaelCooper,ByronScott,MychalThompson,KareemAbdul-jabbar,OrlandoWoolridge,TonyCampbell
1988,MIL,FredRoberts,JayHumphries,JackSikma,RickyPierce,LarryKrystkowiak,SidneyMoncrief,RandyBreuer,TerryCummings
1988,NYK,PatrickEwing,MarkJackson,CharlesOakley,GeraldWilkins,JohnnyNewman,TrentTucker,ErnieVandeweghe,SidneyGreen
1988,PHI,CharlesBarkley,MauriceCheeks,MikeGminski,RonAnderson,HerseyHawkins,JeromeHenderson,DerekSmith,BenColeman
1988,PHO,TomChambers,KevinJohnson,EddieJohnson,JeffHornacek,DanMajerle,TyroneCorbin,MarkWest,ArmenGilliam
1988,POR,ClydeDrexler,TerryPorter,JeromeKersey,KevinDuckworth,SamBowie,DannyYoung,CaldwellJones,RichardAnderson
1988,SEA,DaleEllis,DerrickMckey,XavierMcdaniel,SedaleThreatt,NateMcmillan,MichaelCage,OldenPolynice,AltonLister
1988,UTA,JohnStockton,KarlMalone,BobHansen,ThurlBailey,MarkEaton,DarrellGriffith,MikeBrown,EricLeckner
1989,BOS,LarryBird,ReggieLewis,KevinMchale,RobertParish,DennisJohnson,JoeKleine,JohnBagley,JimPaxson
1989,CHI,MichaelJordan,HoraceGrant,ScottiePippen,BillCartwright,JohnPaxson,StaceyKing,CraigHodges,EdNealy
1989,CLE,CraigEhlo,MarkPrice,BradDaugherty,HotrodWilliams,LarryNance,WinstonBennett,SteveKerr,TreeRollins
1989,DAL,RoyTarpley,RolandoBlackman,DerekHarper,SamPerkins,HerbWilliams,JamesDonaldson,SteveAlford,BillWennington
1989,DEN,LafayetteLever,MichaelAdams,BlairRasmussen,BillHanzlik,AlexEnglish,WalterDavis,ToddLichti,Joe BarryCarroll
1989,DET,IsiahThomas,JoeDumars,BillLaimbeer,DennisRodman,JohnSalley,JamesEdwards,VinnieJohnson,MarkAguirre
1989,HOU,SleepyFloyd,OtisThorpe,HakeemOlajuwon,VernonMaxwell,BuckJohnson,LarrySmith,MitchellWiggins,TimMccormick
1989,IND,ReggieMiller,DetlefSchrempf,ChuckPerson,VernFleming,RikSmits,LasalleThompson,RickeyGreen,MikeSanders
1989,LAL,MagicJohnson,JamesWorthy,ByronScott,A.c.Green,MychalThompson,OrlandoWoolridge,VladeDivac,MichaelCooper
1989,MIL,AlvinRobertson,BradLohaus,PaulPressey,RickyPierce,JackSikma,CadillacAnderson,JayHumphries,FredRoberts
1989,NYK,PatrickEwing,MauriceCheeks,CharlesOakley,GeraldWilkins,KikiVandeweghe,JohnnyNewman,TrentTucker,KennyWalker
1989,PHI,CharlesBarkley,HerseyHawkins,JohnnyDawkins,MikeGminski,RickMahorn,RonAnderson,ScottBrooks,BobThornton
1989,PHO,TomChambers,JeffHornacek,KevinJohnson,MarkWest,DanMajerle,KurtRambis,EddieJohnson,TimPerry
1989,POR,ClydeDrexler,JeromeKersey,TerryPorter,BuckWilliams,KevinDuckworth,CliffordRobinson,DannyYoung,DrazenPetrovic
1989,SAS,RodStrickland,WillieAnderson,TerryCummings,DavidRobinson,DavidWingate,SeanElliott,FrankBrickowski,JohnnyMoore
1989,UTA,KarlMalone,JohnStockton,ThurlBailey,BobHansen,MarkEaton,DarrellGriffith,BlueEdwards,MikeBrown
1990,ATL,DominiqueWilkins,DocRivers,KevinWillis,SpudWebb,JonKoncak,JohnBattle,SidneyMoncrief,MosesMalone
1990,BOS,ReggieLewis,LarryBird,KevinMchale,BrianShaw,RobertParish,DeeBrown,KevinGamble,EdPinckney
1990,CHI,ScottiePippen,MichaelJordan,HoraceGrant,BillCartwright,JohnPaxson,B.j.Armstrong,CraigHodges,WillPerdue
1990,DET,JoeDumars,DennisRodman,BillLaimbeer,VinnieJohnson,IsiahThomas,MarkAguirre,JamesEdwards,JohnSalley
1990,GSW,TimHardaway,MitchRichmond,ChrisMullin,RodHiggins,SarunasMarciulionis,MarioElie,JimPetersen,TomTolbert
1990,HOU,HakeemOlajuwon,OtisThorpe,VernonMaxwell,KennySmith,BuckJohnson,LarrySmith,DavidWood,SleepyFloyd
1990,IND,ReggieMiller,ChuckPerson,MichaelWilliams,DetlefSchrempf,LasalleThompson,VernFleming,RikSmits,GregDreiling
1990,LAL,MagicJohnson,SamPerkins,JamesWorthy,ByronScott,VladeDivac,A.c.Green,TerryTeagle,EldenCampbell
1990,MIL,JayHumphries,AlvinRobertson,FrankBrickowski,FredRoberts,DannySchayes,JackSikma,BradLohaus,SteveHenson
1990,NYK,PatrickEwing,MauriceCheeks,CharlesOakley,KikiVandeweghe,GeraldWilkins,TrentTucker,MarkJackson,BrianQuinnett
1990,PHI,HerseyHawkins,CharlesBarkley,ArmenGilliam,RonAnderson,RickMahorn,RickeyGreen,AndreTurner,ManuteBol
1990,PHO,KevinJohnson,JeffHornacek,TomChambers,DanMajerle,XavierMcdaniel,MarkWest,NegeleKnight,AndrewLang
1990,POR,ClydeDrexler,TerryPorter,JeromeKersey,BuckWilliams,KevinDuckworth,CliffordRobinson,DannyAinge,MarkBryant
1990,SAS,RodStrickland,DavidRobinson,WillieAnderson,SeanElliott,TerryCummings,PaulPressey,DavidWingate,AveryJohnson
1990,SEA,EddieJohnson,BenoitBenjamin,ShawnKemp,SedaleThreatt,GaryPayton,DerrickMckey,RickyPierce,NateMcmillan
1990,UTA,KarlMalone,JohnStockton,JeffMalone,MarkEaton,BlueEdwards,ThurlBailey,MikeBrown,DelaneyRudd
1991,BOS,ReggieLewis,KevinGamble,RobertParish,EdPinckney,JohnBagley,KevinMchale,DeeBrown,LarryBird
1991,CHI,MichaelJordan,ScottiePippen,HoraceGrant,BillCartwright,JohnPaxson,B.j.Armstrong,ScottWilliams,CliffLevingston
1991,CLE,BradDaugherty,LarryNance,MarkPrice,HotrodWilliams,CraigEhlo,MikeSanders,JohnBattle,TerrellBrandon
1991,DET,JoeDumars,IsiahThomas,DennisRodman,JohnSalley,BillLaimbeer,OrlandoWoolridge,MarkAguirre,DarrellWalker
1991,GSW,TimHardaway,ChrisMullin,BillyOwens,SarunasMarciulionis,ChrisGatling,MarioElie,TyroneHill,AltonLister
1991,IND,ReggieMiller,DetlefSchrempf,ChuckPerson,MichaelWilliams,DaleDavis,LasalleThompson,GeorgeMccloud,VernFleming
1991,LAC,RonHarper,DannyManning,DocRivers,KenNorman,CharlesSmith,JamesEdwards,GaryGrant,OldenPolynice
1991,LAL,SedaleThreatt,A.c.Green,ByronScott,VladeDivac,TerryTeagle,EldenCampbell,ChuckyBrown,TonySmith
1991,MIA,GrantLong,GlenRice,RonySeikaly,SteveSmith,BrianShaw,KevinEdwards,KeithAskins,BimboColes
1991,NJN,DrazenPetrovic,DerrickColeman,MookieBlaylock,ChrisMorris,SamBowie,ChrisDudley,TerryMills,TateGeorge
1991,NYK,PatrickEwing,XavierMcdaniel,MarkJackson,CharlesOakley,GeraldWilkins,JohnStarks,AnthonyMason,GregAnthony
1991,PHO,JeffHornacek,KevinJohnson,DanMajerle,TomChambers,AndrewLang,CedricCeballos,TimPerry,SteveBurtt
1991,POR,TerryPorter,ClydeDrexler,BuckWilliams,JeromeKersey,KevinDuckworth,CliffordRobinson,DannyAinge,MarkBryant
1991,SAS,SeanElliott,TerryCummings,AntoineCarr,RodStrickland,VinnieJohnson,DonaldRoyal,SidneyGreen,PaulPressey
1991,SEA,ShawnKemp,RickyPierce,DerrickMckey,EddieJohnson,NateMcmillan,GaryPayton,MichaelCage,BenoitBenjamin
1991,UTA,KarlMalone,JohnStockton,JeffMalone,MarkEaton,TyroneCorbin,BlueEdwards,MikeBrown,DavidBenoit
1992,ATL,DominiqueWilkins,KevinWillis,MookieBlaylock,StaceyAugmon,JonKoncak,DuaneFerrell,AdamKeefe,SteveHenson
1992,BOS,ShermanDouglas,RobertParish,KevinGamble,DeeBrown,XavierMcdaniel,KevinMchale,RickFox,AlaaAbdelnaby
1992,CHA,AlonzoMourning,KendallGill,LarryJohnson,MuggsyBogues,DellCurry,KennyGattison,JohnnyNewman,DavidWingate
1992,CHI,ScottiePippen,MichaelJordan,HoraceGrant,B.j.Armstrong,BillCartwright,ScottWilliams,JohnPaxson,StaceyKing
1992,CLE,BradDaugherty,LarryNance,CraigEhlo,MarkPrice,HotrodWilliams,GeraldWilkins,MikeSanders,TerrellBrandon
1992,HOU,HakeemOlajuwon,OtisThorpe,KennySmith,RobertHorry,VernonMaxwell,WinstonGarland,ScottBrooks,CarlHerrera
1992,IND,ReggieMiller,DetlefSchrempf,RikSmits,DaleDavis,PoohRichardson,VernFleming,GeorgeMccloud,LasalleThompson
1992,LAC,MarkJackson,RonHarper,DannyManning,KenNorman,StanleyRoberts,GaryGrant,JohnWilliams,LesterConner
1992,LAL,A.c.Green,SedaleThreatt,EldenCampbell,ByronScott,VladeDivac,JamesWorthy,TonySmith,DougChristie
1992,NJN,DerrickColeman,DrazenPetrovic,ChrisMorris,RumealRobinson,DuaneSchintzius,MauriceCheeks,SamBowie,RickMahorn
1992,NYK,PatrickEwing,JohnStarks,AnthonyMason,CharlesOakley,DocRivers,CharlesSmith,GregAnthony,RolandoBlackman
1992,PHO,DanMajerle,CharlesBarkley,KevinJohnson,DannyAinge,OliverMiller,RichardDumas,MarkWest,TomChambers
1992,POR,RodStrickland,TerryPorter,CliffordRobinson,BuckWilliams,ClydeDrexler,JeromeKersey,MarkBryant,KevinDuckworth
1992,SAS,DavidRobinson,SeanElliott,AveryJohnson,DaleEllis,J.r.Reid,WillieAnderson,AntoineCarr,TerryCummings
1992,SEA,ShawnKemp,DerrickMckey,SamPerkins,GaryPayton,RickyPierce,NateMcmillan,EddieJohnson,MichaelCage
1992,UTA,KarlMalone,JohnStockton,TyroneCorbin,JeffMalone,DavidBenoit,MarkEaton,JayHumphries,MikeBrown
1993,ATL,DannyManning,MookieBlaylock,KevinWillis,StaceyAugmon,CraigEhlo,AndrewLang,JonKoncak,DuaneFerrell
1993,CHI,HoraceGrant,ScottiePippen,B.j.Armstrong,PeteMyers,ToniKukoc,BillCartwright,SteveKerr,LucLongley
1993,CLE,GeraldWilkins,TyroneHill,ChrisMills,MarkPrice,TimKempton,BobbyPhills,RodHiggins,TerrellBrandon
1993,DEN,DikembeMutombo,LaphonsoEllis,BryantStith,ReggieWilliams,MahmoAbdul-rauf,RobertPack,BisonDele,RodneyRogers
1993,GSW,ChrisMullin,BillyOwens,LatrellSprewell,ChrisWebber,ChrisGatling,JeffGrayer,ByronHouston,AveryJohnson
1993,HOU,HakeemOlajuwon,VernonMaxwell,OtisThorpe,RobertHorry,KennySmith,SamCassell,MarioElie,CarlHerrera
1993,IND,DerrickMckey,DaleDavis,ReggieMiller,HaywoodeWorkman,RikSmits,AntonioDavis,VernFleming,ByronScott
1993,MIA,JohnSalley,GlenRice,SteveSmith,RonySeikaly,BimboColes,BrianShaw,GrantLong,HaroldMiner
1993,NJN,KennyAnderson,DerrickColeman,KevinEdwards,ArmenGilliam,BenoitBenjamin,ChrisMorris,P.j.Brown,JohnnyNewman
1993,NYK,PatrickEwing,CharlesOakley,JohnStarks,DerekHarper,AnthonyMason,CharlesSmith,GregAnthony,HubertDavis
1993,ORL,AnferneeHardaway,ShaquilleO'neal,NickAnderson,DennisScott,LarryKrystkowiak,DonaldRoyal,AnthonyAvent,TreeRollins
1993,PHO,KevinJohnson,CharlesBarkley,DanMajerle,A.c.Green,DannyAinge,CedricCeballos,OliverMiller,JoeKleine
1993,POR,ClydeDrexler,RodStrickland,CliffordRobinson,BuckWilliams,ChrisDudley,HarveyGrant,TerryPorter,MarkBryant
1993,SAS,DavidRobinson,DaleEllis,DennisRodman,NegeleKnight,WillieAnderson,VinnyDel Negro,TerryCummings,LloydDaniels
1993,SEA,ShawnKemp,GaryPayton,DetlefSchrempf,KendallGill,SamPerkins,NateMcmillan,VincentAskew,MichaelCage
1993,UTA,KarlMalone,JohnStockton,JeffHornacek,FeltonSpencer,TyroneCorbin,DavidBenoit,JayHumphries,TomChambers
1994,ATL,MookieBlaylock,GrantLong,SteveSmith,AndrewLang,TyroneCorbin,StaceyAugmon,CraigEhlo,KenNorman
1994,BOS,DeeBrown,ShermanDouglas,DinoRadja,DominiqueWilkins,DerekStrong,PervisEllison,EricMontross,XavierMcdaniel
1994,CHA,AlonzoMourning,LarryJohnson,MuggsyBogues,HerseyHawkins,DellCurry,DavidWingate,RobertParish,KennyGattison
1994,CHI,MichaelJordan,ScottiePippen,ToniKukoc,B.j.Armstrong,LucLongley,SteveKerr,WillPerdue,BillWennington
1994,CLE,BobbyPhills,HotrodWilliams,MarkPrice,TyroneHill,ChrisMills,MichaelCage,DannyFerry,SteveColter
1994,DEN,JalenRose,BryantStith,DikembeMutombo,ReggieWilliams,MahmoAbdul-rauf,RodneyRogers,DaleEllis,BisonDele
1994,HOU,HakeemOlajuwon,ClydeDrexler,RobertHorry,KennySmith,MarioElie,SamCassell,ChuckyBrown,PeteChilcutt
1994,IND,ReggieMiller,DerrickMckey,MarkJackson,RikSmits,DaleDavis,AntonioDavis,ByronScott,HaywoodeWorkman
1994,LAL,NickVan Exel,VladeDivac,EldenCampbell,CedricCeballos,EddieJones,AnthonyPeeler,GeorgeLynch,SamBowie
1994,NYK,CharlesOakley,PatrickEwing,DerekHarper,JohnStarks,AnthonyMason,CharlesSmith,HubertDavis,GregAnthony
1994,ORL,HoraceGrant,AnferneeHardaway,NickAnderson,ShaquilleO'neal,DennisScott,BrianShaw,DonaldRoyal,JeffTurner
1994,PHO,CharlesBarkley,KevinJohnson,A.c.Green,DanMajerle,WesleyPerson,WaymanTisdale,JoeKleine,DannySchayes
1994,POR,RodStrickland,CliffordRobinson,HarveyGrant,BuckWilliams,OtisThorpe,JeromeKersey,ChrisDudley,AaronMckie
1994,SAS,DavidRobinson,AveryJohnson,SeanElliott,DennisRodman,VinnyDel Negro,DocRivers,ChuckPerson,J.r.Reid
1994,SEA,GaryPayton,ShawnKemp,DetlefSchrempf,SamPerkins,NateMcmillan,VincentAskew,KendallGill,ErvinJohnson
1994,UTA,KarlMalone,JohnStockton,JeffHornacek,DavidBenoit,AntoineCarr,JamesDonaldson,AdamKeefe,TomChambers
1995,ATL,MookieBlaylock,SteveSmith,GrantLong,ChristianLaettner,StaceyAugmon,CraigEhlo,AlanHenderson,SeanRooks
1995,CHI,ScottiePippen,MichaelJordan,DennisRodman,RonHarper,ToniKukoc,LucLongley,SteveKerr,BillWennington
1995,CLE,TerrellBrandon,DannyFerry,ChrisMills,MichaelCage,BobbyPhills,DanMajerle,TyroneHill,BobSura
1995,DET,AllanHouston,JoeDumars,GrantHill,OtisThorpe,MarkWest,TerryMills,MichaelCurry,LindseyHunter
1995,HOU,HakeemOlajuwon,RobertHorry,ClydeDrexler,MarioElie,SamCassell,KennySmith,ChuckyBrown,MarkBryant
1995,IND,MarkJackson,DaleDavis,DerrickMckey,RikSmits,RickyPierce,AntonioDavis,TravisBest,DuaneFerrell
1995,LAL,EddieJones,CedricCeballos,NickVan Exel,MagicJohnson,EldenCampbell,VladeDivac,AnthonyPeeler,SedaleThreatt
1995,MIA,TimHardaway,AlonzoMourning,RexChapman,WaltWilliams,ChrisGatling,TonySmith,PredragDanilovic,KurtThomas
1995,NYK,AnthonyMason,PatrickEwing,JohnStarks,CharlesOakley,DerekHarper,HubertDavis,CharlieWard,WillieAnderson
1995,ORL,AnferneeHardaway,ShaquilleO'neal,DennisScott,NickAnderson,HoraceGrant,BrianShaw,AnthonyBowie,JonKoncak
1995,PHO,WesleyPerson,CharlesBarkley,KevinJohnson,HotrodWilliams,DannyManning,A.c.Green,WaymanTisdale,ElliotPerry
1995,POR,RodStrickland,CliffordRobinson,ArvydasSabonis,HarveyGrant,AaronMckie,BuckWilliams,ChrisDudley,DontonWingfield
1995,SAC,MitchRichmond,OldenPolynice,BillyOwens,BrianGrant,TyusEdney,SarunasMarciulionis,MichaelSmith,LionelSimmons
1995,SAS,AveryJohnson,SeanElliott,VinnyDel Negro,DavidRobinson,ChuckPerson,WillPerdue,CharlesSmith,CoryAlexander
1995,SEA,GaryPayton,DetlefSchrempf,ShawnKemp,HerseyHawkins,SamPerkins,NateMcmillan,VincentAskew,ErvinJohnson
1995,UTA,KarlMalone,JohnStockton,JeffHornacek,BryonRussell,AntoineCarr,ChrisMorris,FeltonSpencer,DavidBenoit
1996,ATL,MookieBlaylock,SteveSmith,DikembeMutombo,ChristianLaettner,TyroneCorbin,AlanHenderson,EldridgeRecasner,HenryJames
1996,CHA,GlenRice,AnthonyMason,VladeDivac,RickyPierce,TonyDelk,MuggsyBogues,DellCurry,MattGeiger
1996,CHI,MichaelJordan,ScottiePippen,DennisRodman,RonHarper,LucLongley,ToniKukoc,SteveKerr,BisonDele
1996,DET,JoeDumars,GrantHill,LindseyHunter,TerryMills,OtisThorpe,AaronMckie,GrantLong,RickMahorn
1996,HOU,HakeemOlajuwon,ClydeDrexler,CharlesBarkley,MarioElie,MattMaloney,KevinWillis,EddieJohnson,SedaleThreatt
1996,LAC,LorenzenWright,LoyVaught,RodneyRogers,BrentBarry,MalikSealy,DarrickMartin,BoOutlaw,LamondMurray
1996,LAL,NickVan Exel,ShaquilleO'neal,EddieJones,RobertHorry,EldenCampbell,JeromeKersey,ByronScott,KobeBryant
1996,MIA,TimHardaway,AlonzoMourning,JamalMashburn,VoshonLenard,DanMajerle,P.j.Brown,IsaacAustin,KeithAskins
1996,MIN,KevinGarnett,TomGugliotta,DeanGarrett,StephonMarbury,DougWest,SamMitchell,TerryPorter,JamesRobinson
1996,NYK,AllanHouston,CharlesOakley,PatrickEwing,ChrisChilds,LarryJohnson,JohnStarks,BuckWilliams,CharlieWard
1996,ORL,AnferneeHardaway,DerekStrong,GeraldWilkins,DarrellArmstrong,NickAnderson,DennisScott,DannySchayes,RonySeikaly
1996,PHO,KevinJohnson,JasonKidd,RexChapman,WesleyPerson,DannyManning,CedricCeballos,HotrodWilliams,MarkBryant
1996,POR,KennyAnderson,IsaiahRider,CliffordRobinson,RasheedWallace,ArvydasSabonis,ChrisDudley,GaryTrent,StaceyAugmon
1996,SEA,GaryPayton,HerseyHawkins,DetlefSchrempf,ShawnKemp,SamPerkins,TerryCummings,DavidWingate,EricSnow
1996,UTA,KarlMalone,BryonRussell,JohnStockton,JeffHornacek,GregOstertag,GregFoster,ShandonAnderson,AntoineCarr
1996,WA1,JuwanHoward,RodStrickland,CalbertCheaney,ChrisWebber,TracyMurray,GheorgheMuresan,HarveyGrant,ChrisWhitney
1997,ATL,SteveSmith,MookieBlaylock,DikembeMutombo,AlanHenderson,TyroneCorbin,EldridgeRecasner,ChristianLaettner,ChuckyBrown
1997,CHA,GlenRice,AnthonyMason,VladeDivac,DavidWesley,BobbyPhills,DellCurry,B.j.Armstrong,J.r.Reid
1997,CHI,MichaelJordan,ScottiePippen,DennisRodman,ToniKukoc,RonHarper,LucLongley,SteveKerr,ScottBurrell
1997,CLE,CedricHenderson,ShawnKemp,ZydrunasIlgauskas,WesleyPerson,BrevinKnight,DerekAnderson,VitalyPotapenko,BobSura
1997,HOU,HakeemOlajuwon,ClydeDrexler,KevinWillis,MattMaloney,MarioElie,EddieJohnson,CharlesBarkley,BrentPrice
1997,IND,ReggieMiller,MarkJackson,RikSmits,DaleDavis,AntonioDavis,ChrisMullin,JalenRose,DerrickMckey
1997,LAL,ShaquilleO'neal,EddieJones,RickFox,RobertHorry,NickVan Exel,DerekFisher,KobeBryant,CorieBlount
1997,MIA,TimHardaway,P.j.Brown,VoshonLenard,AlonzoMourning,JamalMashburn,EricMurdock,DanMajerle,KeithAskins
1997,MIN,AnthonyPeeler,StephonMarbury,KevinGarnett,TerryPorter,SamMitchell,TomHammonds,MichaelWilliams,ReggieJordan
1997,NJN,KerryKittles,ShermanDouglas,JaysonWilliams,KendallGill,ChrisGatling,KeithVanhorn,LuciousHarris,RonySeikaly
1997,NYK,AllanHouston,CharlesOakley,JohnStarks,LarryJohnson,CharlieWard,ChrisChilds,ChrisMills,PatrickEwing
1997,PHO,JasonKidd,AntonioMcdyess,GeorgeMccloud,KevinJohnson,MarkBryant,CliffordRobinson,DennisScott,RexChapman
1997,POR,IsaiahRider,DamonStoudamire,RasheedWallace,BrianGrant,ArvydasSabonis,WaltWilliams,KelvinCato,StaceyAugmon
1997,SAS,TimDuncan,DavidRobinson,AveryJohnson,JarenJackson,VinnyDel Negro,ChuckPerson,WillPerdue,ReggieGeary
1997,SEA,GaryPayton,DetlefSchrempf,VinBaker,HerseyHawkins,JeromeKersey,SamPerkins,DaleEllis,GregAnthony
1997,UTA,KarlMalone,BryonRussell,JeffHornacek,JohnStockton,ShandonAnderson,HowardEisley,GregOstertag,GregFoster
1998,ATL,DikembeMutombo,MookieBlaylock,GrantLong,SteveSmith,TyroneCorbin,ChrisCrawford,AnthonyJohnson,EdGray
1998,DET,LindseyHunter,GrantHill,JoeDumars,JerryStackhouse,ChristianLaettner,JeromeWilliams,BisonDele,JudBuechler
1998,HOU,ScottiePippen,CharlesBarkley,SamMack,HakeemOlajuwon,BrentPrice,CuttinoMobley,MichaelDickerson,OthellaHarrington
1998,IND,ReggieMiller,MarkJackson,DaleDavis,JalenRose,AntonioDavis,RikSmits,ChrisMullin,DerrickMckey
1998,LAL,KobeBryant,ShaquilleO'neal,GlenRice,DerekFisher,RickFox,J.r.Reid,RobertHorry,DerekHarper
1998,MIA,AlonzoMourning,TimHardaway,DanMajerle,JamalMashburn,P.j.Brown,TerryPorter,ClarenceWeatherspoon,VoshonLenard
1998,MIL,RayAllen,GlennRobinson,SamCassell,ErvinJohnson,TimThomas,MichaelCurry,HaywoodeWorkman,DellCurry
1998,MIN,KevinGarnett,TerrellBrandon,SamMitchell,AnthonyPeeler,JoeSmith,DeanGarrett,MalikSealy,RadoslavNesterovic
1998,NYK,AllanHouston,LatrellSprewell,LarryJohnson,MarcusCamby,ChrisChilds,CharlieWard,KurtThomas,PatrickEwing
1998,ORL,AnferneeHardaway,DarrellArmstrong,NickAnderson,HoraceGrant,IsaacAustin,BoOutlaw,MattHarpring,MichaelDoleac
1998,PHI,AllenIverson,EricSnow,GeorgeLynch,MattGeiger,TheoRatliff,LarryHughes,TyroneHill,AaronMckie
1998,PHO,JasonKidd,TomGugliotta,CliffordRobinson,GeorgeMccloud,DannyManning,RexChapman,PatGarrity,LucLongley
1998,POR,BrianGrant,RasheedWallace,IsaiahRider,DamonStoudamire,ArvydasSabonis,JimJackson,GregAnthony,WaltWilliams
1998,SAC,VladeDivac,ChrisWebber,JasonWilliams,CorlissWilliamson,VernonMaxwell,JonBarry,PejaStojakovic,TariqAbdul-wahad
1998,SAS,TimDuncan,AveryJohnson,DavidRobinson,SeanElliott,MarioElie,JarenJackson,MalikRose,JeromeKersey
1998,UTA,KarlMalone,BryonRussell,JohnStockton,JeffHornacek,ShandonAnderson,GregOstertag,HowardEisley,ThurlBailey
1999,CHA,AnthonyMason,EddieJones,DerrickColeman,DavidWesley,EldenCampbell,BradMiller,BaronDavis,EddieRobinson
1999,DET,JerryStackhouse,LindseyHunter,MichaelCurry,TerryMills,ChristianLaettner,JeromeWilliams,GrantHill,JohnCrotty
1999,IND,JalenRose,ReggieMiller,DaleDavis,MarkJackson,AustinCroshere,TravisBest,RikSmits,SamPerkins
1999,LAL,ShaquilleO'neal,KobeBryant,GlenRice,RonHarper,RobertHorry,A.c.Green,BrianShaw,RickFox
1999,MIA,JamalMashburn,AlonzoMourning,DanMajerle,P.j.Brown,AnthonyCarter,TimHardaway,ClarenceWeatherspoon,BruceBowen
1999,MIL,RayAllen,SamCassell,GlennRobinson,ErvinJohnson,DarvinHam,TimThomas,VinnyDel Negro,ScottWilliams
1999,MIN,KevinGarnett,TerrellBrandon,RadoslavNesterovic,MalikSealy,WallySzczerbiak,AnthonyPeeler,JoeSmith,SamMitchell
1999,NYK,LatrellSprewell,AllanHouston,LarryJohnson,PatrickEwing,CharlieWard,MarcusCamby,ChrisChilds,KurtThomas
1999,PHI,AllenIverson,TheoRatliff,TyroneHill,AaronMckie,GeorgeLynch,ToniKukoc,EricSnow,MattGeiger
1999,PHO,AnferneeHardaway,CliffordRobinson,ShawnMarion,RodneyRogers,JasonKidd,CorieBlount,LucLongley,KevinJohnson
1999,POR,ScottiePippen,RasheedWallace,SteveSmith,ArvydasSabonis,DamonStoudamire,BrianGrant,DetlefSchrempf,GregAnthony
1999,SAC,ChrisWebber,VladeDivac,JasonWilliams,NickAnderson,PejaStojakovic,JonBarry,TonyDelk,CorlissWilliamson
1999,SAS,DavidRobinson,AveryJohnson,SamakiWalker,SeanElliott,MarioElie,TerryPorter,MalikRose,AntonioDaniels
1999,SEA,GaryPayton,HoraceGrant,VinBaker,RashardLewis,BrentBarry,ShammondWilliams,RubenPatterson,GregFoster
1999,TOR,VinceCarter,TracyMcgrady,CharlesOakley,AntonioDavis,MuggsyBogues,KevinWillis,DougChristie,DellCurry
1999,UTA,KarlMalone,BryonRussell,JohnStockton,JeffHornacek,OldenPolynice,HowardEisley,GregOstertag,ArmenGilliam
2000,CHA,JamalMashburn,BaronDavis,DavidWesley,P.j.Brown,EldenCampbell,EddieRobinson,JamaalMagloire,DerrickColeman
2000,DAL,MichaelFinley,DirkNowitzki,JuwanHoward,SteveNash,ShawnBradley,HowardEisley,CalvinBooth,GregBuckner
2000,IND,ReggieMiller,JalenRose,TravisBest,JermaineO'neal,AustinCroshere,JeffFoster,AlHarrington,DerrickMckey
2000,LAL,KobeBryant,ShaquilleO'neal,DerekFisher,RickFox,HoraceGrant,RobertHorry,BrianShaw,TyronnLue
2000,MIA,EddieJones,AnthonyMason,AlonzoMourning,BrianGrant,DanMajerle,AnthonyCarter,EddieHouse,BruceBowen
2000,MIL,RayAllen,GlennRobinson,SamCassell,ErvinJohnson,TimThomas,ScottWilliams,JasonCaffey,LindseyHunter
2000,MIN,KevinGarnett,TerrellBrandon,WallySzczerbiak,AnthonyPeeler,LaphonsoEllis,FelipeLopez,ReggieSlater,SamMitchell
2000,NYK,LatrellSprewell,AllanHouston,KurtThomas,MarkJackson,GlenRice,MarcusCamby,CharlieWard,OthellaHarrington
2000,ORL,TracyMcgrady,DarrellArmstrong,BoOutlaw,PatGarrity,MikeMiller,TroyHudson,DeeBrown,AndrewDeclercq
2000,PHI,AllenIverson,DikembeMutombo,AaronMckie,TyroneHill,EricSnow,JumaineJones,GeorgeLynch,RajaBell
2000,PHO,JasonKidd,ShawnMarion,TonyDelk,CliffordRobinson,MarioElie,TomGugliotta,RodneyRogers,JakeTsakalidis
2000,POR,RasheedWallace,SteveSmith,ScottiePippen,DamonStoudamire,ArvydasSabonis,DetlefSchrempf,StaceyAugmon,DaleDavis
2000,SAC,ChrisWebber,PejaStojakovic,DougChristie,VladeDivac,JasonWilliams,BobbyJackson,ScotPollard,HidayetTurkoglu
2000,SAS,TimDuncan,DavidRobinson,AntonioDaniels,DannyFerry,TerryPorter,AveryJohnson,SeanElliott,MalikRose
2000,TOR,VinceCarter,AlvinWilliams,AntonioDavis,CharlesOakley,ChrisChilds,DellCurry,JeromeWilliams,MorrisPeterson
2000,UTA,BryonRussell,KarlMalone,JohnStockton,DonyellMarshall,OldenPolynice,DannyManning,GregOstertag,DavidBenoit
2001,BOS,AntoineWalker,PaulPierce,KennyAnderson,EricWilliams,TonyBattie,RodneyRogers,TonyDelk,WalterMccarty
2001,CHA,BaronDavis,DavidWesley,P.j.Brown,GeorgeLynch,EldenCampbell,JamaalMagloire,LeeNailon,StaceyAugmon
2001,DAL,MichaelFinley,DirkNowitzki,SteveNash,NickVan Exel,RaefLafrentz,EduardoNajera,GregBuckner,AdrianGriffin
2001,DET,CliffordRobinson,BenWallace,JerryStackhouse,ChuckyAtkins,CorlissWilliamson,MichaelCurry,DamonJones,JonBarry
2001,IND,ReggieMiller,JermaineO'neal,BradMiller,RonArtest,KevinOllie,RonMercer,JamaalTinsley,JeffFoster
2001,LAL,KobeBryant,ShaquilleO'neal,RobertHorry,RickFox,DerekFisher,DeveanGeorge,SamakiWalker,BrianShaw
2001,MIN,ChaunceyBillups,WallySzczerbiak,KevinGarnett,RadoslavNesterovic,AnthonyPeeler,GaryTrent,JoeSmith,SamMitchell
2001,NJN,JasonKidd,KenyonMartin,KeithVanhorn,KerryKittles,RichardJefferson,LuciousHarris,AaronWilliams,ToddMacculloch
2001,ORL,TracyMcgrady,DarrellArmstrong,PatGarrity,HoraceGrant,TroyHudson,MontyWilliams,MikeMiller,PatrickEwing
2001,PHI,AllenIverson,DerrickColeman,DikembeMutombo,EricSnow,AaronMckie,MattHarpring,CorieBlount,SpeedyClaxton
2001,POR,RasheedWallace,BonziWells,ScottiePippen,DamonStoudamire,DerekAnderson,DaleDavis,RubenPatterson,SteveKerr
2001,SAC,ChrisWebber,MikeBibby,DougChristie,VladeDivac,HidayetTurkoglu,BobbyJackson,PejaStojakovic,ScotPollard
2001,SAS,TimDuncan,BruceBowen,TonyParker,SteveSmith,MalikRose,AntonioDaniels,DannyFerry,TerryPorter
2001,SEA,GaryPayton,DesmondMason,BrentBarry,VinBaker,VladimirRadmanovic,RandyLivingston,RashardLewis,JeromeJames
2001,TOR,AntonioDavis,AlvinWilliams,KeonClark,ChrisChilds,MorrisPeterson,JeromeWilliams,HakeemOlajuwon,DellCurry
2001,UTA,KarlMalone,JohnStockton,DonyellMarshall,AndreiKirilenko,BryonRussell,GregOstertag,QuincyLewis,RustyLarue
2002,BOS,PaulPierce,AntoineWalker,TonyDelk,WalterMccarty,EricWilliams,TonyBattie,J.R.Bremer,MarkBlount
2002,DAL,MichaelFinley,SteveNash,DirkNowitzki,NickVan Exel,RaefLafrentz,EduardoNajera,RajaBell,ShawnBradley
2002,DET,BenWallace,RichardHamilton,CliffordRobinson,ChaunceyBillups,TayshaunPrince,MehmetOkur,ChuckyAtkins,MichaelCurry
2002,IND,JermaineO'neal,RonArtest,JamaalTinsley,ReggieMiller,RonMercer,BradMiller,AlHarrington,TimHardaway
2002,LAL,KobeBryant,ShaquilleO'neal,DerekFisher,RobertHorry,DeveanGeorge,BrianShaw,MarkMadsen,JanneroPargo
2002,MIL,GaryPayton,SamCassell,DesmondMason,TimThomas,ToniKukoc,AnthonyMason,MichaelRedd,ErvinJohnson
2002,MIN,KevinGarnett,WallySzczerbiak,TroyHudson,RadoslavNesterovic,AnthonyPeeler,KendallGill,MarcJackson,RodStrickland
2002,NJN,JasonKidd,KenyonMartin,RichardJefferson,KerryKittles,JasonCollins,LuciousHarris,RodneyRogers,AaronWilliams
2002,NOH,BaronDavis,P.j.Brown,JamaalMagloire,DavidWesley,GeorgeLynch,JamalMashburn,RobertTraylor,StaceyAugmon
2002,ORL,TracyMcgrady,DrewGooden,DarrellArmstrong,GordanGiricek,PatGarrity,JacqueVaughn,ChrisWhitney,AndrewDeclercq
2002,PHI,AllenIverson,DerrickColeman,EricSnow,KeithVanhorn,KennyThomas,AaronMckie,TyroneHill,GregBuckner
2002,PHO,ShawnMarion,StephonMarbury,AnferneeHardaway,AmareStoudemire,JoeJohnson,JakeVoskuhl,ScottWilliams,BoOutlaw
2002,POR,BonziWells,RasheedWallace,DamonStoudamire,ZacharyRandolph,DaleDavis,RubenPatterson,JeffMcinnis,AntonioDaniels
2002,SAC,PejaStojakovic,MikeBibby,DougChristie,BobbyJackson,VladeDivac,JarenJackson,ChrisWebber,HidayetTurkoglu
2002,SAS,TimDuncan,TonyParker,JackStephens,BruceBowen,EmmanuelGinobili,MalikRose,DavidRobinson,SpeedyClaxton
2002,UTA,KarlMalone,MattHarpring,GregOstertag,JohnStockton,AndreiKirilenko,CalbertCheaney,MarkJackson,TonyMassenburg
2003,BOS,PaulPierce,MarkBlount,ChuckyAtkins,WalterMccarty,RickyDavis,JiriWelsch,ChrisMihm,MarcusBanks
2003,DAL,DirkNowitzki,SteveNash,MichaelFinley,MarquisDaniels,AntoineWalker,AntawnJamison,JoshHoward,EduardoNajera
2003,DEN,MarcusCamby,AndreMiller,VoshonLenard,CarmeloAnthony,MaybynerHilario,EarlBoykins,JonBarry,FranciscoElson
2003,DET,RichardHamilton,BenWallace,ChaunceyBillups,RasheedWallace,TayshaunPrince,CorlissWilliamson,LindseyHunter,MehmetOkur
2003,HOU,SteveFrancis,JimJackson,CuttinoMobley,YaoMing,KelvinCato,MauriceTaylor,BostjanNachbar,MarkJackson
2003,IND,JermaineO'neal,RonArtest,ReggieMiller,AlHarrington,JamaalTinsley,AnthonyJohnson,JeffFoster,FredJones
2003,LAL,KobeBryant,ShaquilleO'neal,KarlMalone,GaryPayton,DerekFisher,DeveanGeorge,KareemRush,StanislavMedvedenko
2003,MEM,PauGasol,JamesPosey,JasonWilliams,LorenzenWright,MikeMiller,BonziWells,StromileSwift,ShaneBattier
2003,MIA,CaronButler,LamarOdom,DwyaneWade,EddieJones,BrianGrant,RaferAlston,UdonisHaslem,MalikAllen
2003,MIL,DesmondMason,MichaelRedd,JoeSmith,DamonJones,ToniKukoc,BrevinKnight,BrianSkinner,ErickStrickland
2003,MIN,KevinGarnett,LatrellSprewell,SamCassell,TrentonHassell,FredHoiberg,ErvinJohnson,WallySzczerbiak,MichaelOlowokandi
2003,NJN,JasonKidd,RichardJefferson,KerryKittles,KenyonMartin,JasonCollins,RodneyRogers,LuciousHarris,AaronWilliams
2003,NOH,BaronDavis,P.j.Brown,DavidWesley,JamaalMagloire,StaceyAugmon,DarrellArmstrong,GeorgeLynch,DavidWest
2003,NYK,StephonMarbury,AnferneeHardaway,KurtThomas,ShandonAnderson,NazrMohammed,FrankWilliams,VinBaker,MikeSweetney
2003,SAC,PejaStojakovic,MikeBibby,DougChristie,ChrisWebber,BradMiller,AnthonyPeeler,VladeDivac,DariusSongaila
2003,SAS,TimDuncan,TonyParker,BruceBowen,EmmanuelGinobili,HidayetTurkoglu,RadoslavNesterovic,RobertHorry,DevinBrown
2004,BOS,PaulPierce,RickyDavis,GaryPayton,AntoineWalker,RaefLafrentz,AlJefferson,DelonteWest,MarcusBanks
2004,CHI,KirkHinrich,AndresNocioni,AntonioDavis,TysonChandler,ChrisDuhon,BenGordon,OthellaHarrington,AdrianGriffin
2004,DAL,DirkNowitzki,JasonTerry,MichaelFinley,JoshHoward,JerryStackhouse,ErickDampier,MarquisDaniels,AlanHenderson
2004,DEN,MarcusCamby,AndreMiller,CarmeloAnthony,KenyonMartin,EarlBoykins,MaybynerHilario,GregBuckner,DermarrJohnson
2004,DET,RichardHamilton,TayshaunPrince,ChaunceyBillups,BenWallace,RasheedWallace,AntonioMcdyess,LindseyHunter,CarlosArroyo
2004,HOU,TracyMcgrady,DavidWesley,YaoMing,JonBarry,BobSura,MikeJames,RyanBowen,ScottPadgett
2004,IND,JermaineO'neal,StephenJackson,ReggieMiller,AnthonyJohnson,DaleDavis,JamaalTinsley,JeffFoster,FredJones
2004,MEM,PauGasol,ShaneBattier,JasonWilliams,MikeMiller,JamesPosey,LorenzenWright,BrianCardinal,EarlWatson
2004,MIA,EddieJones,DwyaneWade,UdonisHaslem,DamonJones,ShaquilleO'neal,KeyonDooling,AlonzoMourning,RasualButler
2004,NJN,JasonKidd,VinceCarter,NenadKrstic,RichardJefferson,JasonCollins,TravisBest,CliffordRobinson,BrianScalabrine
2004,PHI,AllenIverson,SamuelDalembert,AndreIguodala,ChrisWebber,KyleKorver,AaronMckie,MarcJackson,WillieGreen
2004,PHO,ShawnMarion,SteveNash,AmareStoudemire,QuentinRichardson,JimJackson,JoeJohnson,StevenHunter,LeandrinhoBarbosa
2004,SAC,PejaStojakovic,MikeBibby,CuttinoMobley,KennyThomas,BradMiller,BobbyJackson,DariusSongaila,MauriceEvans
2004,SAS,TimDuncan,TonyParker,BruceBowen,EmmanuelGinobili,RobertHorry,BrentBarry,NazrMohammed,BenoUdrih
2004,SEA,RayAllen,LukeRidnour,AntonioDaniels,RashardLewis,JeromeJames,NickCollison,ReggieEvans,DamienWilkins
2004,WAS,GilbertArenas,LarryHughes,AntawnJamison,BrendanHaywood,JaredJeffries,JuanDixon,MichaelRuffin,EtanThomas